Mondiaux,AirBnB
Mondiaux,Alibaba
Mondiaux,Allianz
Mondiaux,Atos
Mondiaux,Bridgestone
Mondiaux,The Coca-Cola Company
Mondiaux,Deloitte
Mondiaux,Intel
Mondiaux,Mengniu
Mondiaux,Omega
Mondiaux,Panasonic
Mondiaux,P&G
Mondiaux,Samsung
Mondiaux,Toyota
Mondiaux,Visa
Premium,BPCE
Premium,Carrefour
Premium,EDF
Premium,Orange
Premium,Sanofi
Officiels,Accor
Officiels,Cisco
Officiels,Danone
Officiels,Decathlon
Officiels,Fran√ßaise des jeux
Officiels,Le Coq sportif
Officiels,ArcelorMittal
Officiels,PwC
Supporteurs Officiels,DXC Technology
Supporteurs Officiels,Egis
Supporteurs Officiels,Enedis
Supporteurs Officiels,Myrtha Pools
Supporteurs Officiels,OnePlan
Supporteurs Officiels,Optic 2000
Supporteurs Officiels,Ottobock
Supporteurs Officiels,Randstad
Supporteurs Officiels,Salesforce
Supporteurs Officiels,Sodexo
Supporteurs Officiels,SCC
Supporteurs Officiels,Lyreco
Supporteurs Officiels,Loxam
Supporteurs Officiels,GL Events
Supporteurs Officiels,Fnac Darty
Supporteurs Officiels,Airweave
Supporteurs Officiels,RGSevents